scheme,eta0,delta,eta_minus,eta_plus,ci_minus,ci_plus,ci_avg,ci_nominal,ci_loss_avg,ci_worst,source,status,notes
VQT,0.05,0.01,0.04,0.06,-3.6162448946441828e-07,-3.5674661358342519e-07,-3.5918555152392173e-07,-3.590391051133679e-07,1.4644641055383545e-10,-3.6162448946441828e-07,Data_HPC/84,ok,frozen VQT parameters from run 84 eta0=0.05
VQT,0.10,0.01,0.09,0.11,0.0025978991776030025,0.016745996637000049,0.0096719479073015258,0.010370932514926379,0.00069898460762485293,0.0025978991776030025,Data_HPC/84,ok,frozen VQT parameters from run 84 eta0=0.10; energy_check ns=2.0123111 np=1.989301; nominal_recompute_warning stored=0.01059955044 recomputed=0.01037093251
VQT,0.15,0.01,0.14,0.16,0.18298563360680187,0.26792495479129741,0.22545529419904964,0.23455657148806197,0.0091012772890123328,0.18298563360680187,Data_HPC/84,ok,frozen VQT parameters from run 84 eta0=0.15; energy_check ns=1.999601 np=2.0119703; nominal_recompute_warning stored=0.2342050965 recomputed=0.2345565715
VQT,0.20,0.01,0.19,0.21,0.46767057081522179,0.58526359468490607,0.52646708275006393,0.52913119810986897,0.0026641153598050415,0.46767057081522179,Data_HPC/84,ok,frozen VQT parameters from run 84 eta0=0.20; energy_check ns=2.0053667 np=2.0122351; nominal_recompute_warning stored=0.5275252705 recomputed=0.5291311981
VQT,0.25,0.01,0.24,0.26,0.74317171182521147,0.83188739335123474,0.7875295525882231,0.79109248912031394,0.0035629365320908324,0.74317171182521147,Data_HPC/84,ok,frozen VQT parameters from run 84 eta0=0.25; energy_check ns=1.9946664 np=2.0208063; nominal_recompute_warning stored=0.7874775439 recomputed=0.7910924891
VQT,0.30,0.01,0.29,0.31,0.95917705746943138,1.0444551190068414,1.0018160882381364,1.0052264533140103,0.003410365075873889,0.95917705746943138,Data_HPC/84,ok,frozen VQT parameters from run 84 eta0=0.30; energy_check ns=2.0042145 np=2.0111344; nominal_recompute_warning stored=1.004579413 recomputed=1.005226453
VQT,0.35,0.01,0.34,0.36,1.1091282076945328,1.0971158583249654,1.1031220330097491,1.1082558151893713,0.0051337821796222372,1.0971158583249654,Data_HPC/84,ok,frozen VQT parameters from run 84 eta0=0.35; energy_check ns=2.0072651 np=2.014901; nominal_recompute_warning stored=1.106684476 recomputed=1.108255815
VQT,0.40,0.01,0.39,0.41,1.211887542258236,1.2180760546744636,1.2149817984663498,1.2220757391831287,0.0070939407167789348,1.211887542258236,Data_HPC/84,ok,frozen VQT parameters from run 84 eta0=0.40; energy_check ns=2.0055831 np=2.0088263
VQT,0.45,0.01,0.44,0.46,1.2159249337513307,1.2369135102477822,1.2264192219995564,1.2288415184142534,0.0024222964146969339,1.2159249337513307,Data_HPC/84,ok,frozen VQT parameters from run 84 eta0=0.45; energy_check ns=2.0043892 np=2.0003488; nominal_recompute_warning stored=1.228837335 recomputed=1.228841518
VQT,0.50,0.01,0.49,0.51,1.2443212480656825,1.2875723016214091,1.2659467748435458,1.267322362085276,0.0013755872417302584,1.2443212480656825,Data_HPC/84,ok,frozen VQT parameters from run 84 eta0=0.50; energy_check ns=2.0030989 np=2.0012287; nominal_recompute_warning stored=1.267316257 recomputed=1.267322362
VQT,0.55,0.01,0.54,0.56,1.4124175545090973,1.4616903256978984,1.4370539401034979,1.4380641024477585,0.0010101623442606567,1.4124175545090973,Data_HPC/84,ok,frozen VQT parameters from run 84 eta0=0.55; energy_check ns=2.0049708 np=2.0020479
VQT,0.60,0.01,0.59,0.61,1.5728149990150508,1.6207401238620105,1.5967775614385307,1.5981179237193626,0.0013403622808318971,1.5728149990150508,Data_HPC/84,ok,frozen VQT parameters from run 84 eta0=0.60; energy_check ns=2.0051048 np=2.004447; nominal_recompute_warning stored=1.598115385 recomputed=1.598117924
VQT,0.65,0.01,0.64,0.66,1.7142063380690002,1.7622284940302744,1.7382174160496373,1.7396171776889187,0.0013997616392813494,1.7142063380690002,Data_HPC/84,ok,frozen VQT parameters from run 84 eta0=0.65; energy_check ns=2.0073967 np=2.0027669
VQT,0.70,0.01,0.69,0.71,1.840012190891815,1.8978552611973836,1.8689337260445993,1.8708008163025234,0.0018670902579240867,1.840012190891815,Data_HPC/84,ok,frozen VQT parameters from run 84 eta0=0.70; energy_check ns=2.009493 np=2.0038046; nominal_recompute_warning stored=1.87096378 recomputed=1.870800816
VQT,0.75,0.01,0.74,0.76,2.0078293153086166,2.0628634889116233,2.03534640211012,2.0378954270222178,0.0025490249120978525,2.0078293153086166,Data_HPC/84,ok,frozen VQT parameters from run 84 eta0=0.75; energy_check ns=2.0092702 np=2.0136825; nominal_recompute_warning stored=2.03741336 recomputed=2.037895427
VQT,0.80,0.01,0.79,0.81,2.1532147516090552,2.2078405341784757,2.1805276428937654,2.1840089136859935,0.0034812707922280417,2.1532147516090552,Data_HPC/84,ok,frozen VQT parameters from run 84 eta0=0.80; energy_check ns=2.0151939 np=2.0109118; nominal_recompute_warning stored=2.18153276 recomputed=2.184008914
VQT,0.85,0.01,0.84,0.86,2.2665460341773684,2.3225702257843786,2.2945581299808735,2.2996067534529754,0.0050486234721018874,2.2665460341773684,Data_HPC/84,ok,frozen VQT parameters from run 84 eta0=0.85; energy_check ns=2.0138794 np=1.9916098; nominal_recompute_warning stored=2.298094867 recomputed=2.299606753
VQT,0.90,0.01,0.89,0.91,2.4121273341001754,2.4669083750903775,2.4395178545952767,2.4483641684790927,0.0088463138838159594,2.4121273341001754,Data_HPC/84,ok,frozen VQT parameters from run 84 eta0=0.90; energy_check ns=2.0219037 np=1.989921; nominal_recompute_warning stored=2.44332077 recomputed=2.448364168
VQT,0.95,0.01,0.94,0.96,2.5152361630860094,2.5820615393057289,2.5486488511958694,2.5732172251358971,0.024568373940027755,2.5152361630860094,Data_HPC/84,ok,frozen VQT parameters from run 84 eta0=0.95; energy_check ns=2.0294448 np=2.0079411; nominal_recompute_warning stored=2.56354569 recomputed=2.573217225
VQT,0.05,0.03,0.02,0.08,-3.7036659605860223e-07,-3.5260571795703299e-07,-3.6148615700781761e-07,-3.590391051133679e-07,2.4470518944497144e-09,-3.7036659605860223e-07,Data_HPC/84,ok,frozen VQT parameters from run 84 eta0=0.05
VQT,0.10,0.03,0.07,0.13,-0.017647458499645996,0.026007943744671635,0.0041802426225128198,0.010370932514926379,0.0061906898924135589,-0.017647458499645996,Data_HPC/84,ok,frozen VQT parameters from run 84 eta0=0.10; energy_check ns=2.0123111 np=1.989301; nominal_recompute_warning stored=0.01059955044 recomputed=0.01037093251
VQT,0.15,0.03,0.12,0.18,0.040821932990709131,0.27396609595961663,0.15739401447516288,0.23455657148806197,0.077162557012899091,0.040821932990709131,Data_HPC/84,ok,frozen VQT parameters from run 84 eta0=0.15; energy_check ns=1.999601 np=2.0119703; nominal_recompute_warning stored=0.2342050965 recomputed=0.2345565715
VQT,0.20,0.03,0.17,0.23,0.33192264514299952,0.67685001959493585,0.50438633236896768,0.52913119810986897,0.02474486574090129,0.33192264514299952,Data_HPC/84,ok,frozen VQT parameters from run 84 eta0=0.20; energy_check ns=2.0053667 np=2.0122351; nominal_recompute_warning stored=0.5275252705 recomputed=0.5291311981
VQT,0.25,0.03,0.22,0.28,0.63171290874111952,0.88483075739114758,0.75827183306613355,0.79109248912031394,0.032820656054180386,0.63171290874111952,Data_HPC/84,ok,frozen VQT parameters from run 84 eta0=0.25; energy_check ns=1.9946664 np=2.0208063; nominal_recompute_warning stored=0.7874775439 recomputed=0.7910924891
VQT,0.30,0.03,0.27,0.33,0.85314207050170454,1.09390255916977,0.97352231483573726,1.0052264533140103,0.031704138478273025,0.85314207050170454,Data_HPC/84,ok,frozen VQT parameters from run 84 eta0=0.30; energy_check ns=2.0042145 np=2.0111344; nominal_recompute_warning stored=1.004579413 recomputed=1.005226453
VQT,0.35,0.03,0.32,0.38,1.0731556094224386,1.0545860043410684,1.0638708068817535,1.1082558151893713,0.044385008307617824,1.0545860043410684,Data_HPC/84,ok,frozen VQT parameters from run 84 eta0=0.35; energy_check ns=2.0072651 np=2.014901; nominal_recompute_warning stored=1.106684476 recomputed=1.108255815
VQT,0.40,0.03,0.37,0.43,1.1588483316229423,1.1773499354500472,1.1680991335364947,1.2220757391831287,0.053976605646633979,1.1588483316229423,Data_HPC/84,ok,frozen VQT parameters from run 84 eta0=0.40; energy_check ns=2.0055831 np=2.0088263
VQT,0.45,0.03,0.42,0.48,1.1757247846560221,1.2411384132421919,1.208431598949107,1.2288415184142534,0.020409919465146364,1.1757247846560221,Data_HPC/84,ok,frozen VQT parameters from run 84 eta0=0.45; energy_check ns=2.0043892 np=2.0003488; nominal_recompute_warning stored=1.228837335 recomputed=1.228841518
VQT,0.50,0.03,0.47,0.53,1.1902580932589926,1.3203523890039008,1.2553052411314467,1.267322362085276,0.012017120953829341,1.1902580932589926,Data_HPC/84,ok,frozen VQT parameters from run 84 eta0=0.50; energy_check ns=2.0030989 np=2.0012287; nominal_recompute_warning stored=1.267316257 recomputed=1.267322362
VQT,0.55,0.03,0.52,0.58,1.3552140148803957,1.5027746952090562,1.4289943550447259,1.4380641024477585,0.0090697474030325687,1.3552140148803957,Data_HPC/84,ok,frozen VQT parameters from run 84 eta0=0.55; energy_check ns=2.0049708 np=2.0020479
VQT,0.60,0.03,0.57,0.63,1.5139594493947328,1.6581507467309482,1.5860550980628405,1.5981179237193626,0.012062825656522058,1.5139594493947328,Data_HPC/84,ok,frozen VQT parameters from run 84 eta0=0.60; energy_check ns=2.0051048 np=2.004447; nominal_recompute_warning stored=1.598115385 recomputed=1.598117924
VQT,0.65,0.03,0.62,0.68,1.6547299742496739,1.7992438674648028,1.7269869208572384,1.7396171776889187,0.012630256831680287,1.6547299742496739,Data_HPC/84,ok,frozen VQT parameters from run 84 eta0=0.65; energy_check ns=2.0073967 np=2.0027669
VQT,0.70,0.03,0.67,0.73,1.7668079163844905,1.9410041414477921,1.8539060289161413,1.8708008163025234,0.01689478738638206,1.7668079163844905,Data_HPC/84,ok,frozen VQT parameters from run 84 eta0=0.70; energy_check ns=2.009493 np=2.0038046; nominal_recompute_warning stored=1.87096378 recomputed=1.870800816
VQT,0.75,0.03,0.72,0.78,1.9317008002765246,2.0977076920532349,2.0147042461648796,2.0378954270222178,0.023191180857338178,1.9317008002765246,Data_HPC/84,ok,frozen VQT parameters from run 84 eta0=0.75; energy_check ns=2.0092702 np=2.0136825; nominal_recompute_warning stored=2.03741336 recomputed=2.037895427
VQT,0.80,0.03,0.77,0.83,2.0695509817708011,2.2347417664004823,2.1521463740856417,2.1840089136859935,0.031862539600351791,2.0695509817708011,Data_HPC/84,ok,frozen VQT parameters from run 84 eta0=0.80; energy_check ns=2.0151939 np=2.0109118; nominal_recompute_warning stored=2.18153276 recomputed=2.184008914
VQT,0.85,0.03,0.82,0.88,2.1677946580332144,2.3377580185783167,2.2527763383057655,2.2996067534529754,0.04683041514720987,2.1677946580332144,Data_HPC/84,ok,frozen VQT parameters from run 84 eta0=0.85; energy_check ns=2.0138794 np=1.9916098; nominal_recompute_warning stored=2.298094867 recomputed=2.299606753
VQT,0.90,0.03,0.87,0.93,2.2845385827194939,2.4487345349235587,2.3666365588215266,2.4483641684790927,0.081727609657566092,2.2845385827194939,Data_HPC/84,ok,frozen VQT parameters from run 84 eta0=0.90; energy_check ns=2.0219037 np=1.989921; nominal_recompute_warning stored=2.44332077 recomputed=2.448364168
VQT,0.95,0.03,0.92,0.98,2.2910349523746221,2.4130100421472052,2.3520224972609136,2.5732172251358971,0.22119472787498351,2.2910349523746221,Data_HPC/84,ok,frozen VQT parameters from run 84 eta0=0.95; energy_check ns=2.0294448 np=2.0079411; nominal_recompute_warning stored=2.56354569 recomputed=2.573217225
VQT,0.05,0.05,0.00,0.10,-3.9810234309101133e-07,-3.4925628966675504e-07,-3.7367931637888319e-07,-3.590391051133679e-07,1.4640211265515291e-08,-3.9810234309101133e-07,Data_HPC/84,ok,frozen VQT parameters from run 84 eta0=0.05
VQT,0.10,0.05,0.05,0.15,-0.044308408241912844,0.031766151522922614,-0.006271128359495115,0.010370932514926379,0.016642060874421494,-0.044308408241912844,Data_HPC/84,ok,frozen VQT parameters from run 84 eta0=0.10; energy_check ns=2.0123111 np=1.989301; nominal_recompute_warning stored=0.01059955044 recomputed=0.01037093251
VQT,0.15,0.05,0.10,0.20,-0.13262608202112758,0.23320213939250833,0.050288028685690378,0.23455657148806197,0.18426854280237159,-0.13262608202112758,Data_HPC/84,ok,frozen VQT parameters from run 84 eta0=0.15; energy_check ns=1.999601 np=2.0119703; nominal_recompute_warning stored=0.2342050965 recomputed=0.2345565715
VQT,0.20,0.05,0.15,0.25,0.18203349471939578,0.73561524105314069,0.45882436788626824,0.52913119810986897,0.070306830223600736,0.18203349471939578,Data_HPC/84,ok,frozen VQT parameters from run 84 eta0=0.20; energy_check ns=2.0053667 np=2.0122351; nominal_recompute_warning stored=0.5275252705 recomputed=0.5291311981
VQT,0.25,0.05,0.20,0.30,0.50635513220600759,0.90177386250497049,0.70406449735548904,0.79109248912031394,0.087027991764824897,0.50635513220600759,Data_HPC/84,ok,frozen VQT parameters from run 84 eta0=0.25; energy_check ns=1.9946664 np=2.0208063; nominal_recompute_warning stored=0.7874775439 recomputed=0.7910924891
VQT,0.30,0.05,0.25,0.35,0.73688370820493532,1.0956606638697894,0.91627218603736238,1.0052264533140103,0.088954267276647903,0.73688370820493532,Data_HPC/84,ok,frozen VQT parameters from run 84 eta0=0.30; energy_check ns=2.0042145 np=2.0111344; nominal_recompute_warning stored=1.004579413 recomputed=1.005226453
VQT,0.35,0.05,0.30,0.40,0.99519673868536351,0.99815320110234396,0.99667496989385373,1.1082558151893713,0.11158084529551759,0.99519673868536351,Data_HPC/84,ok,frozen VQT parameters from run 84 eta0=0.35; energy_check ns=2.0072651 np=2.014901; nominal_recompute_warning stored=1.106684476 recomputed=1.108255815
VQT,0.40,0.05,0.35,0.45,1.0781415589222578,1.1072042057898828,1.0926728823560703,1.2220757391831287,0.12940285682705843,1.0781415589222578,Data_HPC/84,ok,frozen VQT parameters from run 84 eta0=0.40; energy_check ns=2.0055831 np=2.0088263
VQT,0.45,0.05,0.40,0.50,1.1198683165654648,1.2347573578272559,1.1773128371963604,1.2288415184142534,0.051528681217893002,1.1198683165654648,Data_HPC/84,ok,frozen VQT parameters from run 84 eta0=0.45; energy_check ns=2.0043892 np=2.0003488; nominal_recompute_warning stored=1.228837335 recomputed=1.228841518
VQT,0.50,0.05,0.45,0.55,1.1266919168667671,1.3443494488519856,1.2355206828593763,1.267322362085276,0.031801679225899715,1.1266919168667671,Data_HPC/84,ok,frozen VQT parameters from run 84 eta0=0.50; energy_check ns=2.0030989 np=2.0012287; nominal_recompute_warning stored=1.267316257 recomputed=1.267322362
VQT,0.55,0.05,0.50,0.60,1.2904566450894412,1.5355379637214472,1.4129973044054442,1.4380641024477585,0.025066798042314264,1.2904566450894412,Data_HPC/84,ok,frozen VQT parameters from run 84 eta0=0.55; energy_check ns=2.0049708 np=2.0020479
VQT,0.60,0.05,0.55,0.65,1.4439776263857018,1.6854457169305048,1.5647116716581033,1.5981179237193626,0.033406252061259245,1.4439776263857018,Data_HPC/84,ok,frozen VQT parameters from run 84 eta0=0.60; energy_check ns=2.0051048 np=2.004447; nominal_recompute_warning stored=1.598115385 recomputed=1.598117924
VQT,0.65,0.05,0.60,0.70,1.5833880711033976,1.8255190880317298,1.7044535795675637,1.7396171776889187,0.035163598121354944,1.5833880711033976,Data_HPC/84,ok,frozen VQT parameters from run 84 eta0=0.65; energy_check ns=2.0073967 np=2.0027669
VQT,0.70,0.05,0.65,0.75,1.6774366957348503,1.969650089047736,1.8235433923912931,1.8708008163025234,0.047257423911230223,1.6774366957348503,Data_HPC/84,ok,frozen VQT parameters from run 84 eta0=0.70; energy_check ns=2.009493 np=2.0038046; nominal_recompute_warning stored=1.87096378 recomputed=1.870800816
VQT,0.75,0.05,0.70,0.80,1.8325283468942448,2.1121874228510844,1.9723578848726646,2.0378954270222178,0.065537542149553207,1.8325283468942448,Data_HPC/84,ok,frozen VQT parameters from run 84 eta0=0.75; energy_check ns=2.0092702 np=2.0136825; nominal_recompute_warning stored=2.03741336 recomputed=2.037895427
VQT,0.80,0.05,0.75,0.85,1.9550610515376832,2.2329020634187664,2.0939815574782248,2.1840089136859935,0.090027356207768694,1.9550610515376832,Data_HPC/84,ok,frozen VQT parameters from run 84 eta0=0.80; energy_check ns=2.0151939 np=2.0109118; nominal_recompute_warning stored=2.18153276 recomputed=2.184008914
VQT,0.85,0.05,0.80,0.90,2.027804561847983,2.3082048209263721,2.1680046913871776,2.2996067534529754,0.13160206206579783,2.027804561847983,Data_HPC/84,ok,frozen VQT parameters from run 84 eta0=0.85; energy_check ns=2.0138794 np=1.9916098; nominal_recompute_warning stored=2.298094867 recomputed=2.299606753
VQT,0.90,0.05,0.85,0.95,2.1099872374204707,2.3396335141232552,2.2248103757718631,2.4483641684790927,0.22355379270722953,2.1099872374204707,Data_HPC/84,ok,frozen VQT parameters from run 84 eta0=0.90; energy_check ns=2.0219037 np=1.989921; nominal_recompute_warning stored=2.44332077 recomputed=2.448364168
VQT,0.95,0.05,0.90,1.00,2.0260815764354287,1.4502171125678127,1.7381493445016207,2.5732172251358971,0.83506788063427639,1.4502171125678127,Data_HPC/84,ok,frozen VQT parameters from run 84 eta0=0.95; energy_check ns=2.0294448 np=2.0079411; nominal_recompute_warning stored=2.56354569 recomputed=2.573217225
GKP,0.05,0.01,0.04,0.06,-0.00040594490708079078,-0.0002969990870971273,-0.00035147199708895904,-0.00034088880717297876,1.0583189915980284e-05,-0.00040594490708079078,Data_HPC/94/Data-Download,ok,frozen GKP parameters from Data_HPC/94/Data-Download eta0=0.05; d1=5 d2=4 j2=0
GKP,0.10,0.01,0.09,0.11,-0.00014077822369995552,-0.00010189139881600084,-0.00012133481125797818,-0.00011944407780695165,1.8907334510265272e-06,-0.00014077822369995552,Data_HPC/94/Data-Download,ok,frozen GKP parameters from Data_HPC/94/Data-Download eta0=0.10; d1=2 d2=4 j2=0
GKP,0.15,0.01,0.14,0.16,0.075401177914129924,0.24365168997071729,0.15952643394242361,0.16262462130801048,0.0030981873655868686,0.075401177914129924,Data_HPC/94/Data-Download,ok,frozen GKP parameters from Data_HPC/94/Data-Download eta0=0.15; d1=4 d2=1 j2=0; energy_check ns=1.9975491 np=2.0166587; nominal_recompute_warning stored=0.1630069328 recomputed=0.1626246213
GKP,0.20,0.01,0.19,0.21,0.4010702234923742,0.55010474450253666,0.47558748399745543,0.4787964529603701,0.0032089689629146712,0.4010702234923742,Data_HPC/94/Data-Download,ok,frozen GKP parameters from Data_HPC/94/Data-Download eta0=0.20; d1=3 d2=1 j2=0; energy_check ns=1.9974621 np=2.0142901; nominal_recompute_warning stored=0.4784036033 recomputed=0.478796453
GKP,0.25,0.01,0.24,0.26,0.70376750884065498,0.71159576801594748,0.70768163842830123,0.72114638199237335,0.013464743564072124,0.70376750884065498,Data_HPC/94/Data-Download,ok,frozen GKP parameters from Data_HPC/94/Data-Download eta0=0.25; d1=3 d2=1 j2=0; energy_check ns=2.0041376 np=2.0138683; nominal_recompute_warning stored=0.7204936998 recomputed=0.721146382
GKP,0.30,0.01,0.29,0.31,0.6552598443604305,0.71053616007312392,0.68289800221677721,0.68609662852096687,0.0031986263041896557,0.6552598443604305,Data_HPC/94/Data-Download,ok,frozen GKP parameters from Data_HPC/94/Data-Download eta0=0.30; d1=2 d2=1 j2=0; energy_check ns=1.9995693 np=2.008438; nominal_recompute_warning stored=0.6858549799 recomputed=0.6860966285
GKP,0.35,0.01,0.34,0.36,0.74388475749287575,0.71183959710135492,0.72786217729711533,0.73156164217946973,0.0036994648823543974,0.71183959710135492,Data_HPC/94/Data-Download,ok,frozen GKP parameters from Data_HPC/94/Data-Download eta0=0.35; d1=2 d2=1 j2=0; energy_check ns=2.0019604 np=2.0067273; nominal_recompute_warning stored=0.7312607368 recomputed=0.7315616422
GKP,0.40,0.01,0.39,0.41,0.63722080416474669,0.54688817006244683,0.59205448711359676,0.59433988942390803,0.0022854023103112686,0.54688817006244683,Data_HPC/94/Data-Download,ok,frozen GKP parameters from Data_HPC/94/Data-Download eta0=0.40; d1=2 d2=1 j2=0; energy_check ns=1.9991787 np=2.0037481; nominal_recompute_warning stored=0.5939052966 recomputed=0.5943398894
GKP,0.45,0.01,0.44,0.46,0.38158018573363561,0.25865422937512061,0.32011720755437811,0.32105337082436236,0.00093616326998424704,0.25865422937512061,Data_HPC/94/Data-Download,ok,frozen GKP parameters from Data_HPC/94/Data-Download eta0=0.45; d1=2 d2=1 j2=0; energy_check ns=1.9974278 np=2.0007023; nominal_recompute_warning stored=0.3208845474 recomputed=0.3210533708
GKP,0.50,0.01,0.49,0.51,0.013306180085687513,-0.0069687195138543601,0.0031687302859165767,0.0031727126620877399,3.9823761711632599e-06,-0.0069687195138543601,Data_HPC/94/Data-Download,ok,frozen GKP parameters from Data_HPC/94/Data-Download eta0=0.50; d1=3 d2=1 j2=0; energy_check ns=2.0007849 np=2.0000408
GKP,0.55,0.01,0.54,0.56,0.15699979507758854,0.23363201376628107,0.19531590442193481,0.19555540990127174,0.00023950547933693223,0.15699979507758854,Data_HPC/94/Data-Download,ok,frozen GKP parameters from Data_HPC/94/Data-Download eta0=0.55; d1=3 d2=3 j2=1; energy_check ns=2.0009015 np=1.5575671; nominal_recompute_warning stored=0.1956236223 recomputed=0.1955554099
GKP,0.60,0.01,0.59,0.61,0.36798599983345248,0.42933805020011517,0.39866202501678383,0.40006433856074208,0.0014023135439582557,0.36798599983345248,Data_HPC/94/Data-Download,ok,frozen GKP parameters from Data_HPC/94/Data-Download eta0=0.60; d1=2 d2=2 j2=1; energy_check ns=2.0049123 np=1.9991645; nominal_recompute_warning stored=0.4001735887 recomputed=0.4000643386
GKP,0.65,0.01,0.64,0.66,0.54879507496791735,0.62910816592522245,0.5889516204465699,0.58887376944952652,-7.7850997043382719e-05,0.54879507496791735,Data_HPC/94/Data-Download,ok,frozen GKP parameters from Data_HPC/94/Data-Download eta0=0.65; d1=4 d2=5 j2=4; energy_check ns=2.0039484 np=1.9994282; nominal_recompute_warning stored=0.5888990273 recomputed=0.5888737694
GKP,0.70,0.01,0.69,0.71,0.75699721410328058,0.83976895211636071,0.79838308310982065,0.79830662437057609,-7.6458739244555929e-05,0.75699721410328058,Data_HPC/94/Data-Download,ok,frozen GKP parameters from Data_HPC/94/Data-Download eta0=0.70; d1=4 d2=5 j2=4; energy_check ns=2.0487272 np=1.999307; nominal_recompute_warning stored=0.7983467132 recomputed=0.7983066244
GKP,0.75,0.01,0.74,0.76,0.96148927130228401,1.0482811353183532,1.0048852033103186,1.0047143220755328,-0.00017088123478581352,0.96148927130228401,Data_HPC/94/Data-Download,ok,frozen GKP parameters from Data_HPC/94/Data-Download eta0=0.75; d1=5 d2=5 j2=4; energy_check ns=2.0494825 np=1.9995149; nominal_recompute_warning stored=1.004759612 recomputed=1.004714322
GKP,0.80,0.01,0.79,0.81,1.1830185201997132,1.2738069222965076,1.2284127212481104,1.2282411856129101,-0.00017153563520033721,1.1830185201997132,Data_HPC/94/Data-Download,ok,frozen GKP parameters from Data_HPC/94/Data-Download eta0=0.80; d1=5 d2=5 j2=1; energy_check ns=2.0490556 np=1.9986312; nominal_recompute_warning stored=1.22834947 recomputed=1.228241186
GKP,0.85,0.01,0.84,0.86,1.4093563608147495,1.5033735838784783,1.4563649723466139,1.4562262009035745,-0.00013877144303942046,1.4093563608147495,Data_HPC/94/Data-Download,ok,frozen GKP parameters from Data_HPC/94/Data-Download eta0=0.85; d1=5 d2=4 j2=3; energy_check ns=2.0480179 np=0.42203253; nominal_recompute_warning stored=1.456341599 recomputed=1.456226201
GKP,0.90,0.01,0.89,0.91,1.6526639826020446,1.7481014840329501,1.7003827333174972,1.7003753753415856,-7.3579759116704224e-06,1.6526639826020446,Data_HPC/94/Data-Download,ok,frozen GKP parameters from Data_HPC/94/Data-Download eta0=0.90; d1=5 d2=5 j2=1; energy_check ns=2.0491767 np=1.998742; nominal_recompute_warning stored=1.700485836 recomputed=1.700375375
GKP,0.95,0.01,0.94,0.96,1.8879412142022045,1.9848572049634887,1.9363992095828466,1.9362683974781087,-0.0001308121047378652,1.8879412142022045,Data_HPC/94/Data-Download,ok,frozen GKP parameters from Data_HPC/94/Data-Download eta0=0.95; d1=5 d2=5 j2=1; energy_check ns=2.0493872 np=1.9992143; nominal_recompute_warning stored=1.936327189 recomputed=1.936268397
GKP,0.05,0.03,0.02,0.08,-0.00069508606434398601,-0.00023982401366096084,-0.00046745503900247343,-0.00034088880717297876,0.00012656623182949467,-0.00069508606434398601,Data_HPC/94/Data-Download,ok,frozen GKP parameters from Data_HPC/94/Data-Download eta0=0.05; d1=5 d2=4 j2=0
GKP,0.10,0.03,0.07,0.13,-0.00020103682505334675,-7.5223349054187594e-05,-0.00013813008705376717,-0.00011944407780695165,1.8686009246815516e-05,-0.00020103682505334675,Data_HPC/94/Data-Download,ok,frozen GKP parameters from Data_HPC/94/Data-Download eta0=0.10; d1=2 d2=4 j2=0
GKP,0.15,0.03,0.12,0.18,-0.11092581870608065,0.37689090603094844,0.13298254366243389,0.16262462130801048,0.029642077645576581,-0.11092581870608065,Data_HPC/94/Data-Download,ok,frozen GKP parameters from Data_HPC/94/Data-Download eta0=0.15; d1=4 d2=1 j2=0; energy_check ns=1.9975491 np=2.0166587; nominal_recompute_warning stored=0.1630069328 recomputed=0.1626246213
GKP,0.20,0.03,0.17,0.23,0.23453721297378882,0.66437124311017759,0.44945422804198321,0.4787964529603701,0.029342224918386894,0.23453721297378882,Data_HPC/94/Data-Download,ok,frozen GKP parameters from Data_HPC/94/Data-Download eta0=0.20; d1=3 d2=1 j2=0; energy_check ns=1.9974621 np=2.0142901; nominal_recompute_warning stored=0.4784036033 recomputed=0.478796453
GKP,0.25,0.03,0.22,0.28,0.61417394119173307,0.64179226318151628,0.62798310218662468,0.72114638199237335,0.093163279805748678,0.61417394119173307,Data_HPC/94/Data-Download,ok,frozen GKP parameters from Data_HPC/94/Data-Download eta0=0.25; d1=3 d2=1 j2=0; energy_check ns=2.0041376 np=2.0138683; nominal_recompute_warning stored=0.7204936998 recomputed=0.721146382
GKP,0.30,0.03,0.27,0.33,0.57646922168169068,0.73446453654444022,0.65546687911306545,0.68609662852096687,0.030629749407901419,0.57646922168169068,Data_HPC/94/Data-Download,ok,frozen GKP parameters from Data_HPC/94/Data-Download eta0=0.30; d1=2 d2=1 j2=0; energy_check ns=1.9995693 np=2.008438; nominal_recompute_warning stored=0.6858549799 recomputed=0.6860966285
GKP,0.35,0.03,0.32,0.38,0.73589843494752216,0.65415979588239503,0.6950291154149586,0.73156164217946973,0.036532526764511131,0.65415979588239503,Data_HPC/94/Data-Download,ok,frozen GKP parameters from Data_HPC/94/Data-Download eta0=0.35; d1=2 d2=1 j2=0; energy_check ns=2.0019604 np=2.0067273; nominal_recompute_warning stored=0.7312607368 recomputed=0.7315616422
GKP,0.40,0.03,0.37,0.43,0.70759499910133195,0.44018051040198225,0.5738877547516571,0.59433988942390803,0.020452134672250932,0.44018051040198225,Data_HPC/94/Data-Download,ok,frozen GKP parameters from Data_HPC/94/Data-Download eta0=0.40; d1=2 d2=1 j2=0; energy_check ns=1.9991787 np=2.0037481; nominal_recompute_warning stored=0.5939052966 recomputed=0.5943398894
GKP,0.45,0.03,0.42,0.48,0.49468428890282201,0.13038373276900384,0.31253401083591292,0.32105337082436236,0.0085193599884494375,0.13038373276900384,Data_HPC/94/Data-Download,ok,frozen GKP parameters from Data_HPC/94/Data-Download eta0=0.45; d1=2 d2=1 j2=0; energy_check ns=1.9974278 np=2.0007023; nominal_recompute_warning stored=0.3208845474 recomputed=0.3210533708
GKP,0.50,0.03,0.47,0.53,0.033015458142375165,-0.026737301816771364,0.0031390781628019004,0.0031727126620877399,3.3634499285839503e-05,-0.026737301816771364,Data_HPC/94/Data-Download,ok,frozen GKP parameters from Data_HPC/94/Data-Download eta0=0.50; d1=3 d2=1 j2=0; energy_check ns=2.0007849 np=2.0000408
GKP,0.55,0.03,0.52,0.58,0.078870779918990941,0.30787561758237203,0.19337319875068149,0.19555540990127174,0.0021822111505902519,0.078870779918990941,Data_HPC/94/Data-Download,ok,frozen GKP parameters from Data_HPC/94/Data-Download eta0=0.55; d1=3 d2=3 j2=1; energy_check ns=2.0009015 np=1.5575671; nominal_recompute_warning stored=0.1956236223 recomputed=0.1955554099
GKP,0.60,0.03,0.57,0.63,0.29655765797596434,0.47840238042298466,0.3874800191994745,0.40006433856074208,0.012584319361267582,0.29655765797596434,Data_HPC/94/Data-Download,ok,frozen GKP parameters from Data_HPC/94/Data-Download eta0=0.60; d1=2 d2=2 j2=1; energy_check ns=2.0049123 np=1.9991645; nominal_recompute_warning stored=0.4001735887 recomputed=0.4000643386
GKP,0.65,0.03,0.62,0.68,0.46907726122976334,0.71006159922087164,0.58956943022531749,0.58887376944952652,-0.00069566077579097385,0.46907726122976334,Data_HPC/94/Data-Download,ok,frozen GKP parameters from Data_HPC/94/Data-Download eta0=0.65; d1=4 d2=5 j2=4; energy_check ns=2.0039484 np=1.9994282; nominal_recompute_warning stored=0.5888990273 recomputed=0.5888737694
GKP,0.70,0.03,0.67,0.73,0.67487995408724855,0.92307127626909047,0.79897561517816951,0.79830662437057609,-0.000668990807593417,0.67487995408724855,Data_HPC/94/Data-Download,ok,frozen GKP parameters from Data_HPC/94/Data-Download eta0=0.70; d1=4 d2=5 j2=4; energy_check ns=2.0487272 np=1.999307; nominal_recompute_warning stored=0.7983467132 recomputed=0.7983066244
GKP,0.75,0.03,0.72,0.78,0.87604633818246769,1.1364446992350428,1.0062455187087553,1.0047143220755328,-0.0015311966332225424,0.87604633818246769,Data_HPC/94/Data-Download,ok,frozen GKP parameters from Data_HPC/94/Data-Download eta0=0.75; d1=5 d2=5 j2=4; energy_check ns=2.0494825 np=1.9995149; nominal_recompute_warning stored=1.004759612 recomputed=1.004714322
GKP,0.80,0.03,0.77,0.83,1.0936286508023705,1.3659234919041625,1.2297760713532666,1.2282411856129101,-0.0015348857403565397,1.0936286508023705,Data_HPC/94/Data-Download,ok,frozen GKP parameters from Data_HPC/94/Data-Download eta0=0.80; d1=5 d2=5 j2=1; energy_check ns=2.0490556 np=1.9986312; nominal_recompute_warning stored=1.22834947 recomputed=1.228241186
GKP,0.85,0.03,0.82,0.88,1.3165454678377635,1.5983876104152241,1.4574665391264938,1.4562262009035745,-0.0012403382229193571,1.3165454678377635,Data_HPC/94/Data-Download,ok,frozen GKP parameters from Data_HPC/94/Data-Download eta0=0.85; d1=5 d2=4 j2=3; energy_check ns=2.0480179 np=0.42203253; nominal_recompute_warning stored=1.456341599 recomputed=1.456226201
GKP,0.90,0.03,0.87,0.93,1.5574544177495442,1.8436506397109513,1.7005525287302476,1.7003753753415856,-0.00017715338866208796,1.5574544177495442,Data_HPC/94/Data-Download,ok,frozen GKP parameters from Data_HPC/94/Data-Download eta0=0.90; d1=5 d2=5 j2=1; energy_check ns=2.0491767 np=1.998742; nominal_recompute_warning stored=1.700485836 recomputed=1.700375375
GKP,0.95,0.03,0.92,0.98,1.7917380677625541,2.0844499653114785,1.9380940165370162,1.9362683974781087,-0.001825619058907435,1.7917380677625541,Data_HPC/94/Data-Download,ok,frozen GKP parameters from Data_HPC/94/Data-Download eta0=0.95; d1=5 d2=5 j2=1; energy_check ns=2.0493872 np=1.9992143; nominal_recompute_warning stored=1.936327189 recomputed=1.936268397
GKP,0.05,0.05,0.00,0.10,-0.0069985448913659869,-0.00020286359135246457,-0.0036007042413592257,-0.00034088880717297876,0.003259815434186247,-0.0069985448913659869,Data_HPC/94/Data-Download,ok,frozen GKP parameters from Data_HPC/94/Data-Download eta0=0.05; d1=5 d2=4 j2=0
GKP,0.10,0.05,0.05,0.15,-0.00029783189644572161,-5.5361817306476269e-05,-0.00017659685687609894,-0.00011944407780695165,5.7152779069147286e-05,-0.00029783189644572161,Data_HPC/94/Data-Download,ok,frozen GKP parameters from Data_HPC/94/Data-Download eta0=0.10; d1=2 d2=4 j2=0
GKP,0.15,0.05,0.10,0.20,-0.30909885024649775,0.44525456019657428,0.068077854975038266,0.16262462130801048,0.09454676633297221,-0.30909885024649775,Data_HPC/94/Data-Download,ok,frozen GKP parameters from Data_HPC/94/Data-Download eta0=0.15; d1=4 d2=1 j2=0; energy_check ns=1.9975491 np=2.0166587; nominal_recompute_warning stored=0.1630069328 recomputed=0.1626246213
GKP,0.20,0.05,0.15,0.25,0.065503935764756882,0.71855745325561715,0.39203069451018702,0.4787964529603701,0.086765758450183084,0.065503935764756882,Data_HPC/94/Data-Download,ok,frozen GKP parameters from Data_HPC/94/Data-Download eta0=0.20; d1=3 d2=1 j2=0; energy_check ns=1.9974621 np=2.0142901; nominal_recompute_warning stored=0.4784036033 recomputed=0.478796453
GKP,0.25,0.05,0.20,0.30,0.47939966837025061,0.53313647870321379,0.5062680735367322,0.72114638199237335,0.21487830845564115,0.47939966837025061,Data_HPC/94/Data-Download,ok,frozen GKP parameters from Data_HPC/94/Data-Download eta0=0.25; d1=3 d2=1 j2=0; energy_check ns=2.0041376 np=2.0138683; nominal_recompute_warning stored=0.7204936998 recomputed=0.721146382
GKP,0.30,0.05,0.25,0.35,0.47798117382451588,0.7235362655280273,0.60075871967627159,0.68609662852096687,0.085337908844695276,0.47798117382451588,Data_HPC/94/Data-Download,ok,frozen GKP parameters from Data_HPC/94/Data-Download eta0=0.30; d1=2 d2=1 j2=0; energy_check ns=1.9995693 np=2.008438; nominal_recompute_warning stored=0.6858549799 recomputed=0.6860966285
GKP,0.35,0.05,0.30,0.40,0.69211990214649122,0.57572362224128604,0.63392176219388863,0.73156164217946973,0.097639879985581102,0.57572362224128604,Data_HPC/94/Data-Download,ok,frozen GKP parameters from Data_HPC/94/Data-Download eta0=0.35; d1=2 d2=1 j2=0; energy_check ns=2.0019604 np=2.0067273; nominal_recompute_warning stored=0.7312607368 recomputed=0.7315616422
GKP,0.40,0.05,0.35,0.45,0.75432751273110132,0.32136993175077722,0.53784872224093927,0.59433988942390803,0.05649116718296876,0.32136993175077722,Data_HPC/94/Data-Download,ok,frozen GKP parameters from Data_HPC/94/Data-Download eta0=0.40; d1=2 d2=1 j2=0; energy_check ns=1.9991787 np=2.0037481; nominal_recompute_warning stored=0.5939052966 recomputed=0.5943398894
GKP,0.45,0.05,0.40,0.50,0.59345397672198175,5.9750279147507968e-05,0.29675686350056463,0.32105337082436236,0.024296507323797734,5.9750279147507968e-05,Data_HPC/94/Data-Download,ok,frozen GKP parameters from Data_HPC/94/Data-Download eta0=0.45; d1=2 d2=1 j2=0; energy_check ns=1.9974278 np=2.0007023; nominal_recompute_warning stored=0.3208845474 recomputed=0.3210533708
GKP,0.50,0.05,0.45,0.55,0.051171730410850103,-0.044992401348879163,0.0030896645309854698,0.0031727126620877399,8.3048131102270162e-05,-0.044992401348879163,Data_HPC/94/Data-Download,ok,frozen GKP parameters from Data_HPC/94/Data-Download eta0=0.50; d1=3 d2=1 j2=0; energy_check ns=2.0007849 np=2.0000408
GKP,0.55,0.05,0.50,0.60,2.1879269707092419e-05,0.37867673546888048,0.18934930736929378,0.19555540990127174,0.0062061025319779528,2.1879269707092419e-05,Data_HPC/94/Data-Download,ok,frozen GKP parameters from Data_HPC/94/Data-Download eta0=0.55; d1=3 d2=3 j2=1; energy_check ns=2.0009015 np=1.5575671; nominal_recompute_warning stored=0.1956236223 recomputed=0.1955554099
GKP,0.60,0.05,0.55,0.65,0.21733182240896065,0.51336959928931369,0.36535071084913717,0.40006433856074208,0.034713627711604911,0.21733182240896065,Data_HPC/94/Data-Download,ok,frozen GKP parameters from Data_HPC/94/Data-Download eta0=0.60; d1=2 d2=2 j2=1; energy_check ns=2.0049123 np=1.9991645; nominal_recompute_warning stored=0.4001735887 recomputed=0.4000643386
GKP,0.65,0.05,0.60,0.70,0.38989180953567004,0.79166564012144303,0.59077872482855653,0.58887376944952652,-0.0019049553790300155,0.38989180953567004,Data_HPC/94/Data-Download,ok,frozen GKP parameters from Data_HPC/94/Data-Download eta0=0.65; d1=4 d2=5 j2=4; energy_check ns=2.0039484 np=1.9994282; nominal_recompute_warning stored=0.5888990273 recomputed=0.5888737694
GKP,0.70,0.05,0.65,0.75,0.59345164819528673,1.0066628477163684,0.80005724795582756,0.79830662437057609,-0.0017506235852514651,0.59345164819528673,Data_HPC/94/Data-Download,ok,frozen GKP parameters from Data_HPC/94/Data-Download eta0=0.70; d1=4 d2=5 j2=4; energy_check ns=2.0487272 np=1.999307; nominal_recompute_warning stored=0.7983467132 recomputed=0.7983066244
GKP,0.75,0.05,0.70,0.80,0.79189936349308376,1.2259682336628508,1.0089337985779672,1.0047143220755328,-0.0042194765024343717,0.79189936349308376,Data_HPC/94/Data-Download,ok,frozen GKP parameters from Data_HPC/94/Data-Download eta0=0.75; d1=5 d2=5 j2=4; energy_check ns=2.0494825 np=1.9995149; nominal_recompute_warning stored=1.004759612 recomputed=1.004714322
GKP,0.80,0.05,0.75,0.85,1.0056738942969243,1.4592286881571432,1.2324512912270338,1.2282411856129101,-0.0042101056141237159,1.0056738942969243,Data_HPC/94/Data-Download,ok,frozen GKP parameters from Data_HPC/94/Data-Download eta0=0.80; d1=5 d2=5 j2=1; energy_check ns=2.0490556 np=1.9986312; nominal_recompute_warning stored=1.22834947 recomputed=1.228241186
GKP,0.85,0.05,0.80,0.90,1.225098107865604,1.6941592747582637,1.4596286913119338,1.4562262009035745,-0.0034024904083593821,1.225098107865604,Data_HPC/94/Data-Download,ok,frozen GKP parameters from Data_HPC/94/Data-Download eta0=0.85; d1=5 d2=4 j2=3; energy_check ns=2.0480179 np=0.42203253; nominal_recompute_warning stored=1.456341599 recomputed=1.456226201
GKP,0.90,0.05,0.85,0.95,1.4629276039664401,1.9396694005907946,1.7012985022786173,1.7003753753415856,-0.00092312693703178184,1.4629276039664401,Data_HPC/94/Data-Download,ok,frozen GKP parameters from Data_HPC/94/Data-Download eta0=0.90; d1=5 d2=5 j2=1; energy_check ns=2.0491767 np=1.998742; nominal_recompute_warning stored=1.700485836 recomputed=1.700375375
GKP,0.95,0.05,0.90,1.00,1.6959158345206784,2.2080630807126491,1.9519894576166639,1.9362683974781087,-0.015721060138555121,1.6959158345206784,Data_HPC/94/Data-Download,ok,frozen GKP parameters from Data_HPC/94/Data-Download eta0=0.95; d1=5 d2=5 j2=1; energy_check ns=2.0493872 np=1.9992143; nominal_recompute_warning stored=1.936327189 recomputed=1.936268397
TMS-EA,0.05,0.01,0.04,0.06,0,0,0,0,0,0,Gaussian covariance model with frozen nominal anti-squeezer,ok,frozen TMS-EA calibration from eta0; covariance Gaussian CI; raw_ci=-1.7969227 clipped_to_zero; frozen TMS-EA calibration from eta0; covariance Gaussian CI; raw_ci=-1.4817318 clipped_to_zero; frozen TMS-EA calibration from eta0; covariance Gaussian CI; raw_ci=-1.6316376 clipped_to_zero
TMS-EA,0.10,0.01,0.09,0.11,0,0,0,0,0,0,Gaussian covariance model with frozen nominal anti-squeezer,ok,frozen TMS-EA calibration from eta0; covariance Gaussian CI; raw_ci=-1.1701384 clipped_to_zero; frozen TMS-EA calibration from eta0; covariance Gaussian CI; raw_ci=-0.93785154 clipped_to_zero; frozen TMS-EA calibration from eta0; covariance Gaussian CI; raw_ci=-1.0499327 clipped_to_zero
TMS-EA,0.15,0.01,0.14,0.16,0,0,0,0,0,0,Gaussian covariance model with frozen nominal anti-squeezer,ok,frozen TMS-EA calibration from eta0; covariance Gaussian CI; raw_ci=-0.72671918 clipped_to_zero; frozen TMS-EA calibration from eta0; covariance Gaussian CI; raw_ci=-0.5320826 clipped_to_zero; frozen TMS-EA calibration from eta0; covariance Gaussian CI; raw_ci=-0.626283 clipped_to_zero
TMS-EA,0.20,0.01,0.19,0.21,0,0,0,0,0,0,Gaussian covariance model with frozen nominal anti-squeezer,ok,frozen TMS-EA calibration from eta0; covariance Gaussian CI; raw_ci=-0.37619126 clipped_to_zero; frozen TMS-EA calibration from eta0; covariance Gaussian CI; raw_ci=-0.2029247 clipped_to_zero; frozen TMS-EA calibration from eta0; covariance Gaussian CI; raw_ci=-0.28677394 clipped_to_zero
TMS-EA,0.25,0.01,0.24,0.26,0,0.077267300464278765,0.038633650232139383,0,-0.038633650232139383,0,Gaussian covariance model with frozen nominal anti-squeezer,ok,frozen TMS-EA calibration from eta0; covariance Gaussian CI; raw_ci=-0.082629108 clipped_to_zero; frozen TMS-EA calibration from eta0; covariance Gaussian CI; frozen TMS-EA calibration from eta0; covariance Gaussian CI; raw_ci=-1.1546319e-14 clipped_to_zero
TMS-EA,0.30,0.01,0.29,0.31,0.17243531973920478,0.32359404707678796,0.24801468340799637,0.2507086010687829,0.0026939176607865267,0.17243531973920478,Gaussian covariance model with frozen nominal anti-squeezer,ok,frozen TMS-EA calibration from eta0; covariance Gaussian CI
TMS-EA,0.35,0.01,0.34,0.36,0.39989710397634703,0.54531558825650528,0.47260634611642616,0.47538694706356077,0.0027806009471346149,0.39989710397634703,Gaussian covariance model with frozen nominal anti-squeezer,ok,frozen TMS-EA calibration from eta0; covariance Gaussian CI
TMS-EA,0.40,0.01,0.39,0.41,0.60679204591765856,0.74858737860034652,0.67768971225900254,0.68061465998879256,0.0029249477297900173,0.60679204591765856,Gaussian covariance model with frozen nominal anti-squeezer,ok,frozen TMS-EA calibration from eta0; covariance Gaussian CI
TMS-EA,0.45,0.01,0.44,0.46,0.79797790385826928,0.9377664497565914,0.86787217680743034,0.87099565036648863,0.0031234735590582874,0.79797790385826928,Gaussian covariance model with frozen nominal anti-squeezer,ok,frozen TMS-EA calibration from eta0; covariance Gaussian CI
TMS-EA,0.50,0.01,0.49,0.51,0.9769958078437746,1.1161083002308669,1.0465520540373208,1.0499327350549363,0.0033806810176155722,0.9769958078437746,Gaussian covariance model with frozen nominal anti-squeezer,ok,frozen TMS-EA calibration from eta0; covariance Gaussian CI
TMS-EA,0.55,0.01,0.54,0.56,1.1465546252742465,1.2861740530632486,1.2163643391687475,1.2200726820344587,0.0037083428657112005,1.1465546252742465,Gaussian covariance model with frozen nominal anti-squeezer,ok,frozen TMS-EA calibration from eta0; covariance Gaussian CI
TMS-EA,0.60,0.01,0.59,0.61,1.3088257446648146,1.4500905650005269,1.3794581548326708,1.3835854453281939,0.0041272904955231837,1.3088257446648146,Gaussian covariance model with frozen nominal anti-squeezer,ok,frozen TMS-EA calibration from eta0; covariance Gaussian CI
TMS-EA,0.65,0.01,0.64,0.66,1.4656371704662621,1.6097358412059251,1.5376865058360936,1.5423587519350177,0.0046722460989241377,1.4656371704662621,Gaussian covariance model with frozen nominal anti-squeezer,ok,frozen TMS-EA calibration from eta0; covariance Gaussian CI
TMS-EA,0.70,0.01,0.69,0.71,1.6186134576369753,1.7668933977851089,1.6927534277110421,1.6981557190425578,0.0054022913315157073,1.6186134576369753,Gaussian covariance model with frozen nominal anti-squeezer,ok,frozen TMS-EA calibration from eta0; covariance Gaussian CI
TMS-EA,0.75,0.01,0.74,0.76,1.7692878208366505,1.9234111176575346,1.8463494692470925,1.8527737782996421,0.0064243090525495372,1.7692878208366505,Gaussian covariance model with frozen nominal anti-squeezer,ok,frozen TMS-EA calibration from eta0; covariance Gaussian CI
TMS-EA,0.80,0.01,0.79,0.81,1.9191985202811677,2.0814082481951814,2.0003033842381743,2.0082550443718938,0.007951660133719507,1.9191985202811677,Gaussian covariance model with frozen nominal anti-squeezer,ok,frozen TMS-EA calibration from eta0; covariance Gaussian CI
TMS-EA,0.85,0.01,0.84,0.86,2.0699463307416659,2.2436016282538978,2.1567739794977818,2.1672537135041412,0.010479734006359376,2.0699463307416659,Gaussian covariance model with frozen nominal anti-squeezer,ok,frozen TMS-EA calibration from eta0; covariance Gaussian CI
TMS-EA,0.90,0.01,0.89,0.91,2.2229681391816962,2.4138155600470137,2.318391849614355,2.3338793354855558,0.015487485871200857,2.2229681391816962,Gaussian covariance model with frozen nominal anti-squeezer,ok,frozen TMS-EA calibration from eta0; covariance Gaussian CI
TMS-EA,0.95,0.01,0.94,0.96,2.3763723094042355,2.5956584957411533,2.4860154025726944,2.5164593182320392,0.030443915659344789,2.3763723094042355,Gaussian covariance model with frozen nominal anti-squeezer,ok,frozen TMS-EA calibration from eta0; covariance Gaussian CI
TMS-EA,0.05,0.03,0.02,0.08,0,0,0,0,0,0,Gaussian covariance model with frozen nominal anti-squeezer,ok,frozen TMS-EA calibration from eta0; covariance Gaussian CI; raw_ci=-2.1855403 clipped_to_zero; frozen TMS-EA calibration from eta0; covariance Gaussian CI; raw_ci=-1.2155405 clipped_to_zero; frozen TMS-EA calibration from eta0; covariance Gaussian CI; raw_ci=-1.6316376 clipped_to_zero
TMS-EA,0.10,0.03,0.07,0.13,0,0,0,0,0,0,Gaussian covariance model with frozen nominal anti-squeezer,ok,frozen TMS-EA calibration from eta0; covariance Gaussian CI; raw_ci=-1.4321505 clipped_to_zero; frozen TMS-EA calibration from eta0; covariance Gaussian CI; raw_ci=-0.73217554 clipped_to_zero; frozen TMS-EA calibration from eta0; covariance Gaussian CI; raw_ci=-1.0499327 clipped_to_zero
TMS-EA,0.15,0.03,0.12,0.18,0,0,0,0,0,0,Gaussian covariance model with frozen nominal anti-squeezer,ok,frozen TMS-EA calibration from eta0; covariance Gaussian CI; raw_ci=-0.94139661 clipped_to_zero; frozen TMS-EA calibration from eta0; covariance Gaussian CI; raw_ci=-0.35751232 clipped_to_zero; frozen TMS-EA calibration from eta0; covariance Gaussian CI; raw_ci=-0.626283 clipped_to_zero
TMS-EA,0.20,0.03,0.17,0.23,0,0,0,0,0,0,Gaussian covariance model with frozen nominal anti-squeezer,ok,frozen TMS-EA calibration from eta0; covariance Gaussian CI; raw_ci=-0.56594188 clipped_to_zero; frozen TMS-EA calibration from eta0; covariance Gaussian CI; raw_ci=-0.047202737 clipped_to_zero; frozen TMS-EA calibration from eta0; covariance Gaussian CI; raw_ci=-0.28677394 clipped_to_zero
TMS-EA,0.25,0.03,0.22,0.28,0,0.22055430980098145,0.11027715490049073,0,-0.11027715490049073,0,Gaussian covariance model with frozen nominal anti-squeezer,ok,frozen TMS-EA calibration from eta0; covariance Gaussian CI; raw_ci=-0.25755659 clipped_to_zero; frozen TMS-EA calibration from eta0; covariance Gaussian CI; frozen TMS-EA calibration from eta0; covariance Gaussian CI; raw_ci=-1.1546319e-14 clipped_to_zero
TMS-EA,0.30,0.03,0.27,0.33,0.006727021482960005,0.45826924321552398,0.23249813234924199,0.2507086010687829,0.018210468719540907,0.006727021482960005,Gaussian covariance model with frozen nominal anti-squeezer,ok,frozen TMS-EA calibration from eta0; covariance Gaussian CI
TMS-EA,0.35,0.03,0.32,0.38,0.23985586717343632,0.67386724881095983,0.45686155799219808,0.47538694706356077,0.018525389071362697,0.23985586717343632,Gaussian covariance model with frozen nominal anti-squeezer,ok,frozen TMS-EA calibration from eta0; covariance Gaussian CI
TMS-EA,0.40,0.03,0.37,0.43,0.44991775279549673,0.87274275533531998,0.66133025406540835,0.68061465998879256,0.019284405923384207,0.44991775279549673,Gaussian covariance model with frozen nominal anti-squeezer,ok,frozen TMS-EA calibration from eta0; covariance Gaussian CI
TMS-EA,0.45,0.03,0.42,0.48,0.64233724126915992,1.0587846383371198,0.85056093980313985,0.87099565036648863,0.020434710563348779,0.64233724126915992,Gaussian covariance model with frozen nominal anti-squeezer,ok,frozen TMS-EA calibration from eta0; covariance Gaussian CI
TMS-EA,0.50,0.03,0.47,0.53,0.82094980224666325,1.2349401461833887,1.027944974215026,1.0499327350549363,0.021987760839910386,0.82094980224666325,Gaussian covariance model with frozen nominal anti-squeezer,ok,frozen TMS-EA calibration from eta0; covariance Gaussian CI
TMS-EA,0.55,0.03,0.52,0.58,0.98857880161988132,1.4035503107212297,1.1960645561705556,1.2200726820344587,0.024008125863903107,0.98857880161988132,Gaussian covariance model with frozen nominal anti-squeezer,ok,frozen TMS-EA calibration from eta0; covariance Gaussian CI
TMS-EA,0.60,0.03,0.57,0.63,1.1473639288936883,1.5665632250932471,1.3569635769934676,1.3835854453281939,0.026621868334726351,1.1473639288936883,Gaussian covariance model with frozen nominal anti-squeezer,ok,frozen TMS-EA calibration from eta0; covariance Gaussian CI
TMS-EA,0.65,0.03,0.62,0.68,1.2989487571478673,1.7256764941213669,1.5123126256346171,1.5423587519350177,0.0300461263004006,1.2989487571478673,Gaussian covariance model with frozen nominal anti-squeezer,ok,frozen TMS-EA calibration from eta0; covariance Gaussian CI
TMS-EA,0.70,0.03,0.67,0.73,1.4445696884499852,1.8824291139579965,1.6634994012039908,1.6981557190425578,0.034656317838567041,1.4445696884499852,Gaussian covariance model with frozen nominal anti-squeezer,ok,frozen TMS-EA calibration from eta0; covariance Gaussian CI
TMS-EA,0.75,0.03,0.72,0.78,1.5850402067088383,2.0382270757637087,1.8116336412362735,1.8527737782996421,0.041140137063368609,1.5850402067088383,Gaussian covariance model with frozen nominal anti-squeezer,ok,frozen TMS-EA calibration from eta0; covariance Gaussian CI
TMS-EA,0.80,0.03,0.77,0.83,1.7205428091383328,2.1941812154882956,1.9573620123133142,2.0082550443718938,0.050893032058579646,1.7205428091383328,Gaussian covariance model with frozen nominal anti-squeezer,ok,frozen TMS-EA calibration from eta0; covariance Gaussian CI
TMS-EA,0.85,0.03,0.82,0.88,1.8498793736686472,2.3501182631242536,2.0999988183964504,2.1672537135041412,0.067254895107690782,1.8498793736686472,Gaussian covariance model with frozen nominal anti-squeezer,ok,frozen TMS-EA calibration from eta0; covariance Gaussian CI
TMS-EA,0.90,0.03,0.87,0.93,1.9675934243218309,2.4982206822732529,2.2329070532975419,2.3338793354855558,0.10097228218801391,1.9675934243218309,Gaussian covariance model with frozen nominal anti-squeezer,ok,frozen TMS-EA calibration from eta0; covariance Gaussian CI
TMS-EA,0.95,0.03,0.92,0.98,2.0478625030943514,2.5209719053663768,2.2844172042303641,2.5164593182320392,0.23204211400167507,2.0478625030943514,Gaussian covariance model with frozen nominal anti-squeezer,ok,frozen TMS-EA calibration from eta0; covariance Gaussian CI
TMS-EA,0.05,0.05,0.00,0.10,0,0,0,0,0,0,Gaussian covariance model with frozen nominal anti-squeezer,ok,frozen TMS-EA calibration from eta0; covariance Gaussian CI; raw_ci=-2.7548875 clipped_to_zero; frozen TMS-EA calibration from eta0; covariance Gaussian CI; raw_ci=-0.98260535 clipped_to_zero; frozen TMS-EA calibration from eta0; covariance Gaussian CI; raw_ci=-1.6316376 clipped_to_zero
TMS-EA,0.10,0.05,0.05,0.15,0,0,0,0,0,0,Gaussian covariance model with frozen nominal anti-squeezer,ok,frozen TMS-EA calibration from eta0; covariance Gaussian CI; raw_ci=-1.7256585 clipped_to_zero; frozen TMS-EA calibration from eta0; covariance Gaussian CI; raw_ci=-0.54602845 clipped_to_zero; frozen TMS-EA calibration from eta0; covariance Gaussian CI; raw_ci=-1.0499327 clipped_to_zero
TMS-EA,0.15,0.05,0.10,0.20,0,0,0,0,0,0,Gaussian covariance model with frozen nominal anti-squeezer,ok,frozen TMS-EA calibration from eta0; covariance Gaussian CI; raw_ci=-1.1722053 clipped_to_zero; frozen TMS-EA calibration from eta0; covariance Gaussian CI; raw_ci=-0.19759772 clipped_to_zero; frozen TMS-EA calibration from eta0; covariance Gaussian CI; raw_ci=-0.626283 clipped_to_zero
TMS-EA,0.20,0.05,0.15,0.25,0,0.095974254515812873,0.047987127257906437,0,-0.047987127257906437,0,Gaussian covariance model with frozen nominal anti-squeezer,ok,frozen TMS-EA calibration from eta0; covariance Gaussian CI; raw_ci=-0.76656287 clipped_to_zero; frozen TMS-EA calibration from eta0; covariance Gaussian CI; frozen TMS-EA calibration from eta0; covariance Gaussian CI; raw_ci=-0.28677394 clipped_to_zero
TMS-EA,0.25,0.05,0.20,0.30,0,0.35221459717950787,0.17610729858975394,0,-0.17610729858975394,0,Gaussian covariance model with frozen nominal anti-squeezer,ok,frozen TMS-EA calibration from eta0; covariance Gaussian CI; raw_ci=-0.44097112 clipped_to_zero; frozen TMS-EA calibration from eta0; covariance Gaussian CI; frozen TMS-EA calibration from eta0; covariance Gaussian CI; raw_ci=-1.1546319e-14 clipped_to_zero
TMS-EA,0.30,0.05,0.25,0.35,0,0.58159979706068743,0.29079989853034371,0.2507086010687829,-0.040091297461560815,0,Gaussian covariance model with frozen nominal anti-squeezer,ok,frozen TMS-EA calibration from eta0; covariance Gaussian CI; raw_ci=-0.1662525 clipped_to_zero; frozen TMS-EA calibration from eta0; covariance Gaussian CI
TMS-EA,0.35,0.05,0.30,0.40,0.073182312611512756,0.7909493986240923,0.43206585561780253,0.47538694706356077,0.043321091445758242,0.073182312611512756,Gaussian covariance model with frozen nominal anti-squeezer,ok,frozen TMS-EA calibration from eta0; covariance Gaussian CI
TMS-EA,0.40,0.05,0.35,0.45,0.28672233807717618,0.98499264881688364,0.63585749344702991,0.68061465998879256,0.04475716654176265,0.28672233807717618,Gaussian covariance model with frozen nominal anti-squeezer,ok,frozen TMS-EA calibration from eta0; covariance Gaussian CI
TMS-EA,0.45,0.05,0.40,0.50,0.48047766741997888,1.1671784070259903,0.82382803722298459,0.87099565036648863,0.047167613143504039,0.48047766741997888,Gaussian covariance model with frozen nominal anti-squeezer,ok,frozen TMS-EA calibration from eta0; covariance Gaussian CI
TMS-EA,0.50,0.05,0.45,0.55,0.65863875997899424,1.3401283513631179,0.99938355567105608,1.0499327350549363,0.050549179383880261,0.65863875997899424,Gaussian covariance model with frozen nominal anti-squeezer,ok,frozen TMS-EA calibration from eta0; covariance Gaussian CI
TMS-EA,0.55,0.05,0.50,0.60,0.82417528891834713,1.5059026648381491,1.1650389768782481,1.2200726820344587,0.055033705156210644,0.82417528891834713,Gaussian covariance model with frozen nominal anti-squeezer,ok,frozen TMS-EA calibration from eta0; covariance Gaussian CI
TMS-EA,0.60,0.05,0.55,0.65,0.97921179119272317,1.6661523479173486,1.3226820695550359,1.3835854453281939,0.060903375773158075,0.97921179119272317,Gaussian covariance model with frozen nominal anti-squeezer,ok,frozen TMS-EA calibration from eta0; covariance Gaussian CI
TMS-EA,0.65,0.05,0.60,0.70,1.1252166509599786,1.8221805093431418,1.4736985801515603,1.5423587519350177,0.068660171783457402,1.1252166509599786,Gaussian covariance model with frozen nominal anti-squeezer,ok,frozen TMS-EA calibration from eta0; covariance Gaussian CI
TMS-EA,0.70,0.05,0.65,0.75,1.2630480154772108,1.974880926871811,1.618964471174511,1.6981557190425578,0.079191247868046766,1.2630480154772108,Gaussian covariance model with frozen nominal anti-squeezer,ok,frozen TMS-EA calibration from eta0; covariance Gaussian CI
TMS-EA,0.75,0.05,0.70,0.80,1.3928259455700243,2.1243957625691667,1.7586108540695955,1.8527737782996421,0.094162924230046574,1.3928259455700243,Gaussian covariance model with frozen nominal anti-squeezer,ok,frozen TMS-EA calibration from eta0; covariance Gaussian CI
TMS-EA,0.80,0.05,0.75,0.85,1.513466151640565,2.2688616900167569,1.891163920828661,2.0082550443718938,0.11709112354323281,1.513466151640565,Gaussian covariance model with frozen nominal anti-squeezer,ok,frozen TMS-EA calibration from eta0; covariance Gaussian CI
TMS-EA,0.85,0.05,0.80,0.90,1.6212926956058114,2.3991154791353231,2.0102040873705671,2.1672537135041412,0.15704962613357409,1.6212926956058114,Gaussian covariance model with frozen nominal anti-squeezer,ok,frozen TMS-EA calibration from eta0; covariance Gaussian CI
TMS-EA,0.90,0.05,0.85,0.95,1.7053088468121154,2.4627788045816454,2.0840438256968805,2.3338793354855558,0.2498355097886753,1.7053088468121154,Gaussian covariance model with frozen nominal anti-squeezer,ok,frozen TMS-EA calibration from eta0; covariance Gaussian CI
TMS-EA,0.95,0.05,0.90,1.00,1.7240584419248111,1.3720404384998437,1.5480494402123273,2.5164593182320392,0.9684098780197119,1.3720404384998437,Gaussian covariance model with frozen nominal anti-squeezer,ok,frozen TMS-EA calibration from eta0; covariance Gaussian CI
QT,0.05,0.01,0.04,0.06,0,0,0,0,0,0,pure-loss energy-constrained formula,ok,true-eta capacity benchmark; no frozen nominal parameters
QT,0.10,0.01,0.09,0.11,0,0,0,0,0,0,pure-loss energy-constrained formula,ok,true-eta capacity benchmark; no frozen nominal parameters
QT,0.15,0.01,0.14,0.16,0,0,0,0,0,0,pure-loss energy-constrained formula,ok,true-eta capacity benchmark; no frozen nominal parameters
QT,0.20,0.01,0.19,0.21,0,0,0,0,0,0,pure-loss energy-constrained formula,ok,true-eta capacity benchmark; no frozen nominal parameters
QT,0.25,0.01,0.24,0.26,0,0,0,0,0,0,pure-loss energy-constrained formula,ok,true-eta capacity benchmark; no frozen nominal parameters
QT,0.30,0.01,0.29,0.31,0,0,0,0,0,0,pure-loss energy-constrained formula,ok,true-eta capacity benchmark; no frozen nominal parameters
QT,0.35,0.01,0.34,0.36,0,0,0,0,0,0,pure-loss energy-constrained formula,ok,true-eta capacity benchmark; no frozen nominal parameters
QT,0.40,0.01,0.39,0.41,0,0,0,0,0,0,pure-loss energy-constrained formula,ok,true-eta capacity benchmark; no frozen nominal parameters
QT,0.45,0.01,0.44,0.46,0,0,0,0,0,0,pure-loss energy-constrained formula,ok,true-eta capacity benchmark; no frozen nominal parameters
QT,0.50,0.01,0.49,0.51,0,0.040002885822976841,0.020001442911488421,0,-0.020001442911488421,0,pure-loss energy-constrained formula,ok,true-eta capacity benchmark; no frozen nominal parameters
QT,0.55,0.01,0.54,0.56,0.16018510958475818,0.24062663421632946,0.20040587190054382,0.20036203308963874,-4.3838810905083569e-05,0.16018510958475818,pure-loss energy-constrained formula,ok,true-eta capacity benchmark; no frozen nominal parameters
QT,0.60,0.01,0.59,0.61,0.36212942839192719,0.44391189506287887,0.40302066172740303,0.40292955754050497,-9.1104186898061101e-05,0.36212942839192719,pure-loss energy-constrained formula,ok,true-eta capacity benchmark; no frozen nominal parameters
QT,0.65,0.01,0.64,0.66,0.56815985524646795,0.65229713292472291,0.61022849408559543,0.61008248066245518,-0.00014601342314024546,0.56815985524646795,pure-loss energy-constrained formula,ok,true-eta capacity benchmark; no frozen nominal parameters
QT,0.70,0.01,0.69,0.71,0.78094723408580213,0.86866351956203935,0.82480537682392074,0.82459061128282252,-0.00021476554109822743,0.78094723408580213,pure-loss energy-constrained formula,ok,true-eta capacity benchmark; no frozen nominal parameters
QT,0.75,0.01,0.74,0.76,1.0037947016277227,1.0966866060008487,1.0502406538142857,1.0499327350549377,-0.00030791875934799151,1.0037947016277227,pure-loss energy-constrained formula,ok,true-eta capacity benchmark; no frozen nominal parameters
QT,0.80,0.01,0.79,0.81,1.2411251447426042,1.3414599641097169,1.2912925544261604,1.2908463762861939,-0.00044617813996650213,1.2411251447426042,pure-loss energy-constrained formula,ok,true-eta capacity benchmark; no frozen nominal parameters
QT,0.85,0.01,0.84,0.86,1.4994255226053532,1.610782928289443,1.5551042254473981,1.5544265423487156,-0.00067768309868254661,1.4994255226053532,pure-loss energy-constrained formula,ok,true-eta capacity benchmark; no frozen nominal parameters
QT,0.90,0.01,0.89,0.91,1.7894260793246468,1.9184162706156149,1.853921174970131,1.8527737782997415,-0.0011473966703894334,1.7894260793246468,pure-loss energy-constrained formula,ok,true-eta capacity benchmark; no frozen nominal parameters
QT,0.95,0.01,0.94,0.96,2.1327149503819234,2.2958812082084838,2.2142980792952036,2.2117078298261199,-0.0025902494690837052,2.1327149503819234,pure-loss energy-constrained formula,ok,true-eta capacity benchmark; no frozen nominal parameters
QT,0.05,0.03,0.02,0.08,0,0,0,0,0,0,pure-loss energy-constrained formula,ok,true-eta capacity benchmark; no frozen nominal parameters
QT,0.10,0.03,0.07,0.13,0,0,0,0,0,0,pure-loss energy-constrained formula,ok,true-eta capacity benchmark; no frozen nominal parameters
QT,0.15,0.03,0.12,0.18,0,0,0,0,0,0,pure-loss energy-constrained formula,ok,true-eta capacity benchmark; no frozen nominal parameters
QT,0.20,0.03,0.17,0.23,0,0,0,0,0,0,pure-loss energy-constrained formula,ok,true-eta capacity benchmark; no frozen nominal parameters
QT,0.25,0.03,0.22,0.28,0,0,0,0,0,0,pure-loss energy-constrained formula,ok,true-eta capacity benchmark; no frozen nominal parameters
QT,0.30,0.03,0.27,0.33,0,0,0,0,0,0,pure-loss energy-constrained formula,ok,true-eta capacity benchmark; no frozen nominal parameters
QT,0.35,0.03,0.32,0.38,0,0,0,0,0,0,pure-loss energy-constrained formula,ok,true-eta capacity benchmark; no frozen nominal parameters
QT,0.40,0.03,0.37,0.43,0,0,0,0,0,0,pure-loss energy-constrained formula,ok,true-eta capacity benchmark; no frozen nominal parameters
QT,0.45,0.03,0.42,0.48,0,0,0,0,0,0,pure-loss energy-constrained formula,ok,true-eta capacity benchmark; no frozen nominal parameters
QT,0.50,0.03,0.47,0.53,0,0.12007801089439041,0.060039005447195204,0,-0.060039005447195204,0,pure-loss energy-constrained formula,ok,true-eta capacity benchmark; no frozen nominal parameters
QT,0.55,0.03,0.52,0.58,0.080023096981616693,0.32149168631436309,0.20075739164798989,0.20036203308963874,-0.00039535855835115541,0.080023096981616693,pure-loss energy-constrained formula,ok,true-eta capacity benchmark; no frozen nominal parameters
QT,0.60,0.03,0.57,0.63,0.28099703513351404,0.52650555923706488,0.40375129718528946,0.40292955754050497,-0.00082173964478449157,0.28099703513351404,pure-loss energy-constrained formula,ok,true-eta capacity benchmark; no frozen nominal parameters
QT,0.65,0.03,0.62,0.68,0.4850968619447904,0.73770284481982729,0.61139985338230884,0.61008248066245518,-0.00131737271985366,0.4850968619447904,pure-loss energy-constrained formula,ok,true-eta capacity benchmark; no frozen nominal parameters
QT,0.70,0.03,0.67,0.73,0.69482859135243569,0.95822980566782934,0.82652919851013251,0.82459061128282252,-0.0019385872273099958,0.69482859135243569,pure-loss energy-constrained formula,ok,true-eta capacity benchmark; no frozen nominal parameters
QT,0.75,0.03,0.72,0.78,0.91319839650366386,1.1922304486983739,1.052714422601019,1.0499327350549377,-0.002781687546081324,0.91319839650366386,pure-loss energy-constrained formula,ok,true-eta capacity benchmark; no frozen nominal parameters
QT,0.80,0.03,0.77,0.83,1.1441024755525537,1.4456636732089705,1.294883074380762,1.2908463762861939,-0.0040366980945680808,1.1441024755525537,pure-loss energy-constrained formula,ok,true-eta capacity benchmark; no frozen nominal parameters
QT,0.85,0.03,0.82,0.88,1.3930387239514299,1.728115427199455,1.5605770755754425,1.5544265423487156,-0.0061505332267268731,1.3930387239514299,pure-loss energy-constrained formula,ok,true-eta capacity benchmark; no frozen nominal parameters
QT,0.90,0.03,0.87,0.93,1.6686278476418459,2.0579317074655159,1.8632797775536809,1.8527737782997415,-0.010505999253939358,1.6686278476418459,pure-loss energy-constrained formula,ok,true-eta capacity benchmark; no frozen nominal parameters
QT,0.95,0.03,0.92,0.98,1.9866698659004092,2.4866933609291473,2.2366816134147784,2.2117078298261199,-0.024973783588658538,1.9866698659004092,pure-loss energy-constrained formula,ok,true-eta capacity benchmark; no frozen nominal parameters
QT,0.05,0.05,0.00,0.10,0,0,0,0,0,0,pure-loss energy-constrained formula,ok,true-eta capacity benchmark; no frozen nominal parameters
QT,0.10,0.05,0.05,0.15,0,0,0,0,0,0,pure-loss energy-constrained formula,ok,true-eta capacity benchmark; no frozen nominal parameters
QT,0.15,0.05,0.10,0.20,0,0,0,0,0,0,pure-loss energy-constrained formula,ok,true-eta capacity benchmark; no frozen nominal parameters
QT,0.20,0.05,0.15,0.25,0,0,0,0,0,0,pure-loss energy-constrained formula,ok,true-eta capacity benchmark; no frozen nominal parameters
QT,0.25,0.05,0.20,0.30,0,0,0,0,0,0,pure-loss energy-constrained formula,ok,true-eta capacity benchmark; no frozen nominal parameters
QT,0.30,0.05,0.25,0.35,0,0,0,0,0,0,pure-loss energy-constrained formula,ok,true-eta capacity benchmark; no frozen nominal parameters
QT,0.35,0.05,0.30,0.40,0,0,0,0,0,0,pure-loss energy-constrained formula,ok,true-eta capacity benchmark; no frozen nominal parameters
QT,0.40,0.05,0.35,0.45,0,0,0,0,0,0,pure-loss energy-constrained formula,ok,true-eta capacity benchmark; no frozen nominal parameters
QT,0.45,0.05,0.40,0.50,0,0,0,0,0,0,pure-loss energy-constrained formula,ok,true-eta capacity benchmark; no frozen nominal parameters
QT,0.50,0.05,0.45,0.55,0,0.20036203308963874,0.10018101654481937,0,-0.10018101654481937,0,pure-loss energy-constrained formula,ok,true-eta capacity benchmark; no frozen nominal parameters
QT,0.55,0.05,0.50,0.60,0,0.40292955754050497,0.20146477877025248,0.20036203308963874,-0.0011027456806137481,0,pure-loss energy-constrained formula,ok,true-eta capacity benchmark; no frozen nominal parameters
QT,0.60,0.05,0.55,0.65,0.2003620330896374,0.61008248066245518,0.40522225687604629,0.40292955754050497,-0.0022926993355413261,0.2003620330896374,pure-loss energy-constrained formula,ok,true-eta capacity benchmark; no frozen nominal parameters
QT,0.65,0.05,0.60,0.70,0.40292955754050497,0.82459061128282407,0.61376008441166452,0.61008248066245518,-0.003677603749209335,0.40292955754050497,pure-loss energy-constrained formula,ok,true-eta capacity benchmark; no frozen nominal parameters
QT,0.70,0.05,0.65,0.75,0.61008248066245541,1.0499327350549377,0.83000760785869654,0.82459061128282252,-0.0054169965758740224,0.61008248066245541,pure-loss energy-constrained formula,ok,true-eta capacity benchmark; no frozen nominal parameters
QT,0.75,0.05,0.70,0.80,0.82459061128282252,1.2908463762861939,1.0577184937845083,1.0499327350549377,-0.0077857587295706576,0.82459061128282252,pure-loss energy-constrained formula,ok,true-eta capacity benchmark; no frozen nominal parameters
QT,0.80,0.05,0.75,0.85,1.0499327350549377,1.5544265423487156,1.3021796387018267,1.2908463762861939,-0.011333262415632817,1.0499327350549377,pure-loss energy-constrained formula,ok,true-eta capacity benchmark; no frozen nominal parameters
QT,0.85,0.05,0.80,0.90,1.2908463762861928,1.8527737782997415,1.5718100772929673,1.5544265423487156,-0.017383534944251711,1.2908463762861928,pure-loss energy-constrained formula,ok,true-eta capacity benchmark; no frozen nominal parameters
QT,0.90,0.05,0.85,0.95,1.5544265423487156,2.2117078298261204,1.883067186087418,1.8527737782997415,-0.030293407787676419,1.5544265423487156,pure-loss energy-constrained formula,ok,true-eta capacity benchmark; no frozen nominal parameters
QT,0.95,0.05,0.90,1.00,1.8527737782997418,2.7548875021634682,2.3038306402316051,2.2117078298261199,-0.0921228104054852,1.8527737782997418,pure-loss energy-constrained formula,ok,true-eta capacity benchmark; no frozen nominal parameters
